[{"created_at":"Sat Apr 07 23:52:58 +0000 2018","id":982768225095045100,"text":"RT @Marvel: Where will you be when it all ends? See Marvel Studios' @Avengers: #InfinityWar in theaters April 27. Get tickets now: https://…","user_id":385937450,"user_name":"#LOVE_YOURSELF","user_location":"Seoul, Indonesia","user_followers_count":270,"user_friends_count":88,"user_created_at":"Thu Oct 06 11:56:19 +0000 2011","user_time_zone":"Seoul","user_profile_background_color":"0A0A0A","user_profile_image_url":"http://pbs.twimg.com/profile_images/967287984604131333/3w2cwFnA_normal.jpg","geo":null,"coordinates":null,"place":null},{"created_at":"Sat Apr 07 23:52:59 +0000 2018","id":982768228182048800,"text":"On my death bed, I’m not ready for this https://t.co/VYd10yBrxY","user_id":1924971764,"user_name":"Marissa🔮","user_location":"Australia","user_followers_count":5146,"user_friends_count":4744,"user_created_at":"Tue Oct 01 23:29:28 +0000 2013","user_time_zone":"Brisbane","user_profile_background_color":"C0DEED","user_profile_image_url":"http://pbs.twimg.com/profile_images/981694340236959744/1_LX3g6b_normal.jpg","geo":null,"coordinates":null,"place":null},{"created_at":"Sat Apr 07 23:53:00 +0000 2018","id":982768233479467000,"text":"RT @Thai_SuperHero: หนัง The Avengers: Infinity War เป็นเรท PG-13 \n\nไม่ใช่เรื่องหนังแปลกใจสำหรับหนัง MCU นะครับ แต่ก็มาอัพเดทไว้เผื่อใครยัง…","user_id":2901762655,"user_name":"นฟ","user_location":null,"user_followers_count":491,"user_friends_count":200,"user_created_at":"Sun Nov 16 14:20:09 +0000 2014","user_time_zone":null,"user_profile_background_color":"000000","user_profile_image_url":"http://pbs.twimg.com/profile_images/980377108953231367/reSUgZ0V_normal.jpg","geo":null,"coordinates":null,"place":null},{"created_at":"Sat Apr 07 23:53:00 +0000 2018","id":982768235522265100,"text":"See SVCC 2018 cosplay: Avengers, Star Wars and Game of Thrones     – CNET https://t.co/e35ARcWVoF","user_id":1158286658,"user_name":"iTruck NEWS","user_location":"Chattanooga, TN","user_followers_count":4359,"user_friends_count":1778,"user_created_at":"Thu Feb 07 21:12:25 +0000 2013","user_time_zone":"Eastern Time (US & Canada)","user_profile_background_color":"C0DEED","user_profile_image_url":"http://pbs.twimg.com/profile_images/729820162615037953/yZpZ8Wzj_normal.jpg","geo":null,"coordinates":null,"place":null},{"created_at":"Sat Apr 07 23:53:01 +0000 2018","id":982768237015269400,"text":"RT @MarvelStudios: Where will you be when it all ends? See @Avengers: #InfinityWar in theaters April 27, get tickets now: https://t.co/xQsJ…","user_id":314546241,"user_name":"AKKO👓","user_location":null,"user_followers_count":189,"user_friends_count":259,"user_created_at":"Fri Jun 10 12:43:58 +0000 2011","user_time_zone":null,"user_profile_background_color":"B2DFDA","user_profile_image_url":"http://pbs.twimg.com/profile_images/862344941556707328/K-tBf2lZ_normal.jpg","geo":null,"coordinates":null,"place":null}]