[{"created_at":"Thu Mar 01 01:53:58 +0000 2018","id":969027936564273200,"id_str":"969027936564273152","text":"Update on the diet; came to my moms house to visit, and the first thing she does is offer me fucken Krispy Kreme doughnuts. 😂","source":"<a href=\"http://twitter.com/download/iphone\" rel=\"nofollow\">Twitter for iPhone</a>","truncated":false,"in_reply_to_status_id":null,"in_reply_to_status_id_str":null,"in_reply_to_user_id":null,"in_reply_to_user_id_str":null,"in_reply_to_screen_name":null,"user":{"id":900362166,"id_str":"900362166","name":"Juanathan","screen_name":"jcruzzzzz94","location":null,"url":null,"description":"here for a good time not a long time 😈 🇲🇽","translator_type":"none","protected":false,"verified":false,"followers_count":282,"friends_count":571,"listed_count":1,"favourites_count":5287,"statuses_count":3139,"created_at":"Tue Oct 23 18:37:37 +0000 2012","utc_offset":null,"time_zone":null,"geo_enabled":true,"lang":"en","contributors_enabled":false,"is_translator":false,"profile_background_color":"C0DEED","profile_background_image_url":"http://abs.twimg.com/images/themes/theme1/bg.png","profile_background_image_url_https":"https://abs.twimg.com/images/themes/theme1/bg.png","profile_background_tile":false,"profile_link_color":"1DA1F2","profile_sidebar_border_color":"C0DEED","profile_sidebar_fill_color":"DDEEF6","profile_text_color":"333333","profile_use_background_image":true,"profile_image_url":"http://pbs.twimg.com/profile_images/950061212703830016/CB0vVXrN_normal.jpg","profile_image_url_https":"https://pbs.twimg.com/profile_images/950061212703830016/CB0vVXrN_normal.jpg","profile_banner_url":"https://pbs.twimg.com/profile_banners/900362166/1490239997","default_profile":true,"default_profile_image":false,"following":null,"follow_request_sent":null,"notifications":null},"geo":null,"coordinates":null,"place":{"id":"94965b2c45386f87","url":"https://api.twitter.com/1.1/geo/id/94965b2c45386f87.json","place_type":"admin","name":"New York","full_name":"New York, USA","country_code":"US","country":"United States","bounding_box":{"type":"Polygon","coordinates":[[[-79.76259,40.477383],[-79.76259,45.015851],[-71.777492,45.015851],[-71.777492,40.477383]]]},"attributes":{}},"contributors":null,"is_quote_status":false,"quote_count":0,"reply_count":0,"retweet_count":0,"favorite_count":0,"entities":{"hashtags":[],"urls":[],"user_mentions":[],"symbols":[]},"favorited":false,"retweeted":false,"filter_level":"low","lang":"en","timestamp_ms":"1519869238402"}]