[{"created_at":"Thu Mar 08 03:59:43 +0000 2018","id":971596299073077200,"text":"@markhoppus have you seen black panther and if so what did you think","user_id":1614600912,"user_name":"nik 🏳️‍🌈","user_location":null,"user_followers_count":16160,"user_friends_count":211,"user_created_at":"Tue Jul 23 07:17:31 +0000 2013","user_time_zone":"Pacific Time (US & Canada)","user_profile_background_color":"FFFFFF","user_profile_image_url":"http://pbs.twimg.com/profile_images/969111273504882689/-VXxZMp4_normal.jpg","geo":null,"coordinates":null,"place":null},{"created_at":"Thu Mar 08 03:59:44 +0000 2018","id":971596300478242800,"text":"RT @Sincerely_Kpop: This is why movies like Black Panther get hyped up by POC because we are not stereotyped. \nSo next time don’t to tell u…","user_id":370808460,"user_name":"AJ","user_location":"Richmond, KY","user_followers_count":105,"user_friends_count":179,"user_created_at":"Fri Sep 09 17:26:40 +0000 2011","user_time_zone":"Quito","user_profile_background_color":"C0DEED","user_profile_image_url":"http://pbs.twimg.com/profile_images/962519233035980801/f5PyAd8J_normal.jpg","geo":null,"coordinates":null,"place":null},{"created_at":"Thu Mar 08 03:59:46 +0000 2018","id":971596310947049500,"text":"RT @MCU_Tweets: This official new #AvengersInfinityWar still features Okoye, Black Panther, Captain America, Black Widow, and Bucky in fron…","user_id":58197499,"user_name":"Shota.56@Thanx&R.i.P Billy“兄貴”Hellington","user_location":"笑いの本場かんさいちほーは神戸市(COG)のどこか。(猛爆)","user_followers_count":2683,"user_friends_count":4995,"user_created_at":"Sun Jul 19 13:36:44 +0000 2009","user_time_zone":"Osaka","user_profile_background_color":"642D8B","user_profile_image_url":"http://pbs.twimg.com/profile_images/970291857753124864/yUdxxZEc_normal.jpg","geo":null,"coordinates":null,"place":null},{"created_at":"Thu Mar 08 03:59:48 +0000 2018","id":971596318912270300,"text":"RT @Sincerely_Kpop: This is why movies like Black Panther get hyped up by POC because we are not stereotyped. \nSo next time don’t to tell u…","user_id":198040549,"user_name":"jason Mendoza didn’t die for this shit.","user_location":"Eden Prairie, MN","user_followers_count":1221,"user_friends_count":1135,"user_created_at":"Sun Oct 03 05:09:43 +0000 2010","user_time_zone":"Mountain Time (US & Canada)","user_profile_background_color":"642D8B","user_profile_image_url":"http://pbs.twimg.com/profile_images/960638815990935552/rAY5GV-K_normal.jpg","geo":null,"coordinates":null,"place":null},{"created_at":"Thu Mar 08 03:59:48 +0000 2018","id":971596319260229600,"text":"RT @Sincerely_Kpop: This is why movies like Black Panther get hyped up by POC because we are not stereotyped. \nSo next time don’t to tell u…","user_id":3274136802,"user_name":"美月","user_location":"Tokyo-to, Japan","user_followers_count":26,"user_friends_count":28,"user_created_at":"Fri Jul 10 10:33:07 +0000 2015","user_time_zone":null,"user_profile_background_color":"C0DEED","user_profile_image_url":"http://pbs.twimg.com/profile_images/968446224700399617/iD4pbPbF_normal.jpg","geo":null,"coordinates":null,"place":null}]